aoi_id,aoi_type
94,14
235,14
570,1
819,14
970,1
1101,10
1118,0
1530,14
1642,4
1665,1
1696,14
1822,4
1996,14
2236,14
2553,14
2796,1
2928,13
3044,1
3081,14
3598,14
3631,1
3772,14
4036,14
4310,1
5182,1
5300,1
5314,14
5569,1
5647,1
5704,14
5789,7
5932,14
5944,14
6011,4
6018,14
6301,1
6393,1
6852,1
7307,14
7493,14
7771,14
7779,14
7782,1
8006,1
8103,1
8112,14
8384,13
8444,1
8472,1
8556,1
9071,1
9104,1
9398,1
9441,14
9494,14
9502,1
9565,14
10052,14
10069,14
10080,14
10283,1
10631,1
10752,14
10790,12
10863,1
11030,1
11415,14
11440,1
11600,14
11647,1
11840,14
12538,14
12761,14
12996,1
13183,1
13184,14
13316,1
13464,1
13468,1
13549,1
13799,14
13919,1
13989,7
14083,4
14173,1
14794,1
14853,14
14907,1
15688,1
15710,1
15899,14
15911,14
15991,12
16012,3
16085,1
16176,1
16244,14
16247,1
16497,1
16746,12
16933,14
16960,1
17246,14
17463,14
17682,7
17754,1
17860,7
18072,14
18432,12
18606,14
18798,1
18808,4
18849,1
18936,1
18965,14
19100,14
19134,14
19135,14
19326,14
19890,14
20132,12
20255,14
20360,14
20428,1
20570,7
20778,14
20936,14
20946,1
21130,14
21202,14
21358,14
21649,0
21752,14
22008,1
22254,14
22334,14
22450,12
23349,7
23461,14
23468,1
23669,14
23849,14
24339,1
24345,14
24543,1
25071,4
25190,1
25537,1
25621,7
25646,14
25687,1
25914,14
25976,1
26243,14
26323,4
26361,7
26637,14
26705,1
26808,1
26865,1
26891,14
27720,14
28017,14
28096,14
28366,7
28772,14
28865,1
28957,0
29193,1
29492,1
30113,14
30242,1
30296,14
30942,1
31417,1
31440,14
31845,14
32085,3
32112,1
32221,1
32583,1
32584,14
32663,1
32807,1
32819,1
33050,1
33154,14
33181,1
33452,1
33709,3
33795,14
34177,14
34231,14
34404,14
34599,14
34720,1
34738,10
34863,1
34936,14
35007,14
35294,14
35429,14
35440,14
35478,1
35857,12
35900,1
35910,1
35984,1
36018,1
36158,1
36500,14
36553,1
37064,14
37289,7
37327,3
37533,14
37719,14
38012,1
38165,14
38263,1
38926,14
38961,14
39219,14
39230,14
39472,4
39705,14
39710,1
39724,1
39772,7
39953,1
39974,14
40178,1
40504,14
40884,1
41344,12
41442,14
41489,1
41760,14
41903,1
42078,1
42217,1
42597,14
42847,1
43171,1
43201,4
43217,14
43432,14
43798,14
43878,14
43899,14
43946,4
44289,1
44320,1
44359,14
44400,1
44419,14
44572,12
44702,14
44710,1
44726,1
44794,12
44810,1
45129,1
45191,14
45213,1
45684,12
45949,14
45953,14
46191,14
46511,12
46542,14
46788,14
47104,1
47176,14
47237,1
47367,1
47633,14
47785,1
47788,14
47792,1
48139,14
48391,1
48458,14
48464,14
48569,14
48965,14
49011,14
49087,1
49206,1
49267,0
49269,1
49273,1
49602,1
49612,10
49627,14
49630,14
49731,14
49895,14
50147,4
50234,1
50247,1
50287,1
50433,1
50954,3
51019,0
51056,4
51498,1
51658,12
51726,1
51781,1
52007,14
52375,1
52532,1
52596,1
52667,1
52793,14
52976,12
52986,14
53001,14
53510,1
53867,0
53998,13
54010,14
54239,1
54283,0
54328,1
54571,14
54643,12
54780,1
55024,7
55132,14
55236,14
55259,1
55466,1
55525,1
55844,0
56111,1
56437,14
56460,1
56567,1
56582,1
56765,14
57017,14
57050,14
57051,1
57286,1
57679,1
57996,14
58109,14
58624,14
58824,7
58951,14
59019,1
59111,14
59454,3
59603,7
59690,1
59983,14
328,1
584,14
629,3
754,14
952,1
1317,3
1346,7
1402,1
1481,1
1713,1
1838,1
2288,14
2512,1
2829,1
2888,4
3177,1
3364,7
3471,1
3767,14
3811,14
4003,14
4706,1
4891,14
5208,14
5573,1
5740,4
5933,1
6599,14
6671,1
6704,1
6851,14
7156,1
7189,1
7388,14
7448,1
7973,14
8024,14
8090,14
8129,14
8251,14
8306,1
8358,14
8681,12
8786,14
9028,14
9037,1
9147,14
9603,14
9734,14
9781,14
9785,1
9811,7
9846,14
10049,1
10156,14
10400,1
10651,14
10782,1
10939,0
11490,13
11537,14
11885,1
12215,14
12230,14
12613,14
12648,1
12690,14
12881,14
12962,14
12990,1
13164,1
13177,3
13214,14
13334,10
13792,14
14022,14
14055,14
14303,1
14360,1
14373,1
14387,14
15240,1
15516,1
15543,14
15877,14
15920,14
16364,14
16457,10
16510,1
16576,1
16842,14
16891,14
17037,14
17123,1
17232,14
17447,1
17739,14
17850,14
17896,1
17898,0
17940,7
17944,14
18033,1
18131,1
18228,1
18628,12
18651,14
18820,14
18923,4
19133,14
19329,14
19451,14
19706,1
19730,4
19837,4
19996,0
20165,14
20368,1
20617,14
20663,1
20670,1
20674,14
20767,1
20869,4
20882,13
21019,1
21120,14
21129,1
21412,1
21434,14
21930,1
21986,14
22007,10
22596,14
22969,1
23150,14
23421,2
23553,14
23616,14
23671,14
23760,1
23982,14
24212,1
24279,14
24423,14
24837,14
24957,14
25057,1
25075,14
25076,12
25234,14
25272,14
25401,1
25497,4
25708,14
25723,14
25798,14
25948,1
25964,1
26312,5
26427,14
26541,1
26658,1
26703,1
26953,14
26996,1
27325,1
27334,0
27457,14
27597,14
27744,1
28533,1
28542,0
28815,14
28993,14
29173,1
29279,4
29333,14
29376,1
29397,1
29706,12
29783,1
30169,4
30437,1
30548,1
30554,1
31004,4
31102,14
31190,7
31299,4
31324,1
31443,14
31689,14
31700,14
32089,14
32622,14
32846,3
32917,4
32929,1
32984,1
33045,1
33128,14
33200,14
33339,14
33759,14
33928,1
34278,14
34918,1
34929,1
35154,1
35277,14
35673,1
35800,14
36179,14
36247,14
36543,14
36840,14
36997,1
37082,1
37180,14
37274,14
37659,14
37878,1
37881,1
37888,0
38133,0
38479,14
38713,10
38784,1
38982,1
39381,10
39452,14
39525,1
39877,1
40076,1
40214,14
40284,1
40415,14
40423,0
40890,1
40932,1
41019,14
41204,10
41683,14
41762,1
42098,14
42280,1
42638,1
42716,8
42803,14
42840,14
42963,14
43031,14
43117,1
44253,14
44666,1
44704,4
44855,1
44880,14
45037,1
45258,14
45481,3
45506,14
45578,1
46219,1
46457,14
46581,1
46731,14
47068,1
47102,1
47275,14
47308,14
47582,14
47722,1
48366,7
48434,14
48549,14
48701,14
48754,14
48862,14
48973,14
49270,1
49295,14
49471,3
49518,1
49607,14
49888,14
49899,1
50466,14
50660,1
50701,1
51026,14
51246,1
51293,13
51311,14
51452,0
51551,14
51904,7
51933,14
52161,12
52262,4
52349,1
52595,14
52754,14
52823,1
52890,14
53336,1
53436,14
53471,14
53514,1
53523,14
53660,14
53702,1
53745,14
53806,1
53855,14
54361,14
54461,14
54611,4
55833,12
55872,14
55980,14
56152,10
56225,14
56362,14
56697,14
57298,1
57357,14
57381,14
57496,14
57517,14
57729,1
58216,1
58459,1
58508,1
58518,3
58882,12
58926,1
59199,1
59296,4
60042,14
301,14
493,14
643,14
953,14
1422,3
1700,14
2098,1
2543,1
2569,14
2644,14
2781,1
2815,14
2919,14
2993,4
3184,14
3302,14
3765,1
4077,1
4140,1
4638,1
4932,14
5204,1
5286,14
5512,10
5528,1
5916,1
6002,14
6408,14
6620,4
6651,14
6793,1
7041,14
7474,14
8039,1
8542,14
8965,0
9185,1
9272,1
9519,14
9794,1
10308,14
10742,14
11010,14
11171,14
11400,14
11448,4
11596,1
11649,14
11781,14
11843,1
11870,1
11976,1
11986,3
11993,1
12259,1
12322,14
12338,14
13458,14
13522,14
13944,14
14149,14
14162,14
14176,14
14343,1
14530,14
14585,0
14774,12
14891,1
14924,1
15173,14
15331,1
15450,4
15597,1
15663,14
15896,14
16125,4
16333,1
16334,1
16413,14
16431,14
17031,14
17209,4
17238,1
17436,14
17763,14
17853,14
18121,1
18136,1
18308,14
18397,14
18434,1
18602,14
18691,14
18870,14
19648,1
20001,14
20220,14
20782,4
20962,14
21269,14
21565,1
21737,14
21915,7
22025,14
22088,1
22318,14
22611,14
22663,1
23092,1
23369,4
23739,14
24717,1
24991,14
25082,4
25548,14
25788,1
26046,14
26051,14
26130,1
26411,10
26838,14
26973,7
27132,14
27369,14
27438,1
27564,14
27588,3
27920,1
28055,14
28237,1
28308,14
28357,14
28555,14
28769,14
29172,1
29651,1
29846,10
29941,14
29969,7
30003,14
30101,14
30111,14
30128,13
30134,14
30166,14
30174,1
30243,14
30341,14
30370,14
30853,14
30972,10
30982,4
31104,14
31219,14
31233,10
31690,1
31890,1
31969,14
32261,1
32529,14
32927,3
33179,3
33185,12
33485,7
34254,4
34654,12
35355,14
35652,14
35899,4
36061,1
36146,1
36314,14
36317,10
36502,14
36881,1
36976,1
37168,0
37198,1
37312,1
37394,14
37522,1
38109,14
38162,14
38478,4
38523,10
38647,4
38865,3
38870,1
39033,7
39500,14
39954,1
40305,1
40617,14
40625,3
40850,12
40870,1
41242,14
41386,14
41416,3
41523,0
41722,14
41793,10
41854,1
41893,14
41907,1
42054,1
42151,14
42259,14
42513,14
43839,3
43872,14
44021,14
44362,14
44546,1
44602,14
44971,1
45262,1
45313,1
45352,1
45574,1
45789,14
45913,1
45978,14
46021,14
46054,14
46086,13
46124,1
46283,14
46639,1
46651,1
46843,14
46950,1
46996,14
47097,14
47865,12
48179,14
48563,14
48611,1
48929,7
48956,1
49059,1
49104,1
49394,4
49757,1
49817,14
50780,14
50817,14
50841,1
50860,14
50963,14
51107,14
51641,1
51988,3
52060,4
52164,1
52756,7
52832,7
52897,14
53145,14
53444,14
53534,1
53558,14
53908,1
54089,3
54288,14
54337,14
54649,1
54831,14
55147,14
55257,3
55355,1
55512,4
55656,14
55692,7
56254,1
56470,9
56538,7
57086,3
57166,14
57190,1
57646,14
57736,1
57913,14
57988,14
58593,7
58727,14
59136,1
59504,1
59706,3
59970,1
60103,1
66,14
278,14
856,14
1157,1
1442,14
2198,14
2429,14
2430,14
2699,14
2709,14
2807,14
2960,14
3104,14
3209,14
3537,14
4176,14
4578,12
4832,1
4963,14
5147,14
5167,14
5596,14
6347,14
6591,14
6609,3
7152,12
7617,1
7753,14
8013,14
8454,14
8803,14
8931,0
9070,4
9292,14
9469,14
9898,14
9968,1
10097,14
10414,14
10450,4
10669,14
11056,14
11110,1
11646,14
11711,4
11942,1
12242,14
12560,14
12748,14
12912,14
12920,14
13077,14
13081,3
13162,14
13322,14
13332,14
13363,14
13715,1
14009,1
14372,14
14434,1
14449,14
14780,14
15180,14
15271,1
15480,14
15675,14
15680,14
15727,14
15784,7
16074,14
16214,1
16218,1
16279,14
16453,14
16575,1
17131,3
17365,14
17385,14
17476,14
18147,14
18177,1
18180,14
18477,14
18674,14
18734,14
18875,14
19573,1
20233,1
20287,1
20302,1
20472,14
20510,14
20793,1
20897,14
20931,14
21583,14
21601,14
21862,14
22039,14
22222,14
22750,14
22795,14
22939,14
23057,14
23692,14
23711,4
24221,1
24586,14
24823,14
24898,1
25232,4
25388,1
25432,14
25486,14
25954,14
25969,14
26019,14
26163,14
26265,14
26317,4
27264,14
27349,14
27445,14
27451,4
27750,14
27800,14
28285,14
28300,14
28325,14
28521,14
28660,14
29798,10
29975,14
30381,14
30736,14
31059,14
31211,1
31445,1
31478,14
31540,14
31609,1
32120,1
32278,14
32817,14
32954,14
32988,1
33014,14
33076,14
33456,14
33811,1
34537,4
34564,1
34708,14
34792,14
34897,1
34986,1
35539,14
36144,14
36520,14
36555,14
36608,1
36773,14
36858,13
36886,7
37245,1
37444,14
37898,14
38179,14
38354,0
38564,11
38605,1
38634,14
38639,14
38917,1
39032,14
39323,14
40086,14
40627,14
41353,4
41743,14
41829,14
41958,1
42367,14
42533,1
42556,1
42776,14
42941,14
42964,14
43073,14
43391,1
43438,14
43822,1
44371,14
44823,14
44829,14
44957,14
45011,1
45141,14
45418,14
45843,7
46022,14
46151,1
46532,1
46583,14
46758,14
46879,3
46983,1
47071,14
47231,14
47911,14
48229,14
48381,14
48743,1
48955,14
49360,14
49561,7
49656,14
49738,14
49784,14
50004,0
50187,14
50269,1
50490,1
50534,14
50643,14
50772,14
50791,4
51027,1
51216,14
51435,14
51955,14
51998,14
52137,14
52281,1
52391,14
52567,14
52982,14
53121,1
53590,14
54058,14
54344,12
54436,14
54452,14
54765,14
54874,14
55165,14
55561,14
55984,1
55985,14
56360,3
56405,1
56586,1
56593,14
56618,12
57081,14
57187,14
57390,14
57397,14
58064,14
58067,14
58403,1
58723,1
58769,14
58814,1
58876,1
59278,1
59794,1
60052,1
